hd_nm,숙박업소수
중앙동,1031
남면,245
대천5동,237
북면,227
애월읍,197
서면,176
영흥면,159
황오동,155
원평동,154
송정동,151
가평읍,150
의정부1동,144
연동,144
종로1.2.3.4가동,136
상면,135
설천면,130
민락동,129
용유동,122
강현면,117
매산동,117
돌산읍우두출장소,116
청평면,106
삼산동,104
울릉읍,104
명동,103
안면읍,100
괘법동,99
중제1동,98
안덕면,96
인계동,95
우제1동,94
충무동,89
서신면,89
온천1동,89
영등포동,87
오동동,86
신안동,86
성산읍,85
부전제2동,83
변산면,82
광희동,81
심곡2동,79
우산동,78
우아2동,77
조종면,77
경포동,76
주안1동,75
인화동,74
대흥동,74
토성면,72
현남면,72
성북동,72
상남동,71
교2동,71
설악면,70
대원1동,69
부전제1동,68
봉평면,67
조천읍,67
한림읍,66
대관령면,65
신흥동,64
온천제1동,64
원북면,63
대포동,63
용전동,63
상북면,62
중리동,62
금암동,62
장흥면,61
부원동,61
합성2동,61
쌍봉동,60
삼산면,60
수택1동,59
치평동,59
부평5동,59
충장동,59
신촌동,58
남포동,58
행궁동,57
담양읍,57
기장읍,57
천지동,57
강동면,57
성남동,56
회현동,56
한려동,56
광안제2동,56
완도읍,55
근흥면,55
소원면,55
불국동,54
신림동,54
신당동,54
대정읍,54
상대동,53
목원동,53
옥천동,52
소흘읍,52
예산읍,51
신평동,51
덕산면,51
중구동,50
안양1동,50
고현동,50
가경동,50
옥련1동,49
반포면,49
동명동,49
부평1동,49
동서금동,48
온양1동,48
탄현면,48
태안읍,47
강구면,47
남항동,47
노형동,46
묵호동,46
신정3동,46
손양면,46
초당동,46
남산면,46
삼도1동,46
인동동,46
활천동,46
신천4동,45
주문진읍,45
암남동,45
부춘동,45
운서동,45
구좌읍,45
성내2동,45
대교동,45
신흥1동,44
대이동,44
소룡동,43
영화동,43
초량제2동,43
죽도동,43
우아1동,43
삼도2동,43
역삼1동,42
사북읍,42
조치원읍,42
송산동,42
을지로동,42
현북면,42
중마동,42
무전동,42
음봉면,41
은행선화동,41
도사동,41
용문면,41
죽왕면,41
속리산면,41
고창읍,41
홍천읍,41
화도면,41
대천1동,41
영서동,40
문성동,40
숭인제2동,40
봉방동,40
성정2동,40
고한읍,40
화곡제1동,40
만호동,40
수진1동,39
단양읍,39
석남1동,39
풍남동,39
광양읍,39
조곡동,39
동문2동,39
장유2동,38
서생면,38
동명면,38
신장2동,38
고성읍,38
근화동,37
동문동,37
팔룡동,37
고남면,37
화산동,37
소공동,37
옥포1동,37
표선면,37
신흥3동,37
신탄진동,37
성안동,37
광도면,36
거창읍,36
초량제1동,36
사천읍,36
대륜동,36
상봉제2동,36
초량제3동,36
감포읍,36
신관동,36
강남동,35
오천읍,35
지산동,35
휴천2동,35
오창읍,35
중화산1동,35
영종2동,35
연지동,35
덕연동,35
강하면,35
정방동,35
양구읍,35
둔내면,35
이도1동,35
평리4동,34
길상면,34
정량동,34
동인천동,34
조양동,34
중문동,34
청호동,33
안양6동,33
성정1동,33
문경읍,33
가리봉동,33
당진1동,33
송악읍,33
해도동,33
삼수동,33
방이2동,33
노학동,33
구포제1동,33
양양읍,32
신정1동,32
첨단1동,32
신정2동,32
도곡면,32
동탄1동,32
교동,32
남원읍,32
의정부2동,32
이도2동,32
상평동,32
남양동,32
창신제1동,32
일도1동,31
조촌동,31
미조면,31
남영동,31
종로5.6가동,31
단계동,31
나운3동,31
건입동,31
전곡읍,31
양평읍,31
부여읍,31
대산읍,31
서종면,31
달동,31
풍덕동,30
비산7동,30
취암동,30
명곡동,30
금촌1동,30
홍성읍,30
연산제4동,30
장목면,30
영랑동,30
논현1동,30
봉림동,30
학성동,29
웅동2동,29
화촌면,29
부평동,29
창전동,29
예래동,29
산내면,29
강경읍,29
월영동,29
부안읍,29
온양2동,29
동송읍,29
범일제2동,28
하단제2동,28
용당2동,28
장천동,28
중흥1동,28
증평읍,28
여흥동,28
평화남산동,28
해남읍,28
하북면,28
당산제1동,28
간석2동,28
천호제2동,27
계림1동,27
십정2동,27
삼호읍,27
주안6동,27
감전동,27
소양동,27
흥남동,27
퇴계동,27
개항동,27
연산제5동,27
덕진동,27
영북면,27
단장면,26
일도2동,26
동천동,26
제기동,26
돌산읍,26
범천제1동,26
내장상동,26
왕십리도선동,26
공산동,26
정왕1동,26
신지면,26
천곡동,26
구로제2동,26
천전동,26
가산동,26
대곡동,26
향남읍,26
양남면,26
장승포동,26
북방면,26
영광읍,26
황학동,25
진천읍,25
일동면,25
주교동,25
문창동,25
연안동,25
무거동,25
수안보면,25
복대1동,25
포승읍,25
함양읍,25
송정2동,25
목천읍,25
유천1동,25
대소면,25
동면,25
삼동면,25
부곡면,25
강동동,25
효자2동,25
일운면,25
구포제2동,25
태화동,25
만덕동,24
서교동,24
양동면,24
권선1동,24
월곶동,24
일산동,24
사천면,24
남정면,24
화천읍,24
계산1동,24
죽변면,24
상동,24
월명동,24
문산읍,24
대천동,24
양포동,24
재송제1동,23
합성1동,23
지정면,23
연무읍,23
이동면,23
근덕면,23
신암4동,23
백석읍,23
대조동,23
구룡포읍,23
산동면,23
백령면,23
동부면,23
보덕동,23
진영읍,23
역삼2동,23
북부동,22
화곡본동,22
화개면,22
용암1동,22
운암2동,22
요촌동,22
소라면,22
길동,22
이원면,22
수유3동,22
학동,22
옥천읍,22
강진읍,22
송림3.5동,22
인제읍,21
초읍동,21
초지동,21
금호동,21
잠실본동,21
우암동,21
둔산2동,21
금왕읍,21
주천면,21
사등면,21
연희동,21
하당동,21
단월면,21
동광동,21
석전동,21
도양읍,21
온천제3동,21
예천읍,21
청하면,20
사내면,20
영월읍,20
병곡면,20
화양동,20
명륜동,20
용현5동,20
효목1동,20
청룡동,20
포남1동,20
보은읍,20
자산동,20
두호동,20
청계면,19
회화면,19
온양3동,19
망운면,19
필동,19
번1동,19
영덕읍,19
가조면,19
부흥동,19
구로제4동,19
석적읍,19
선주원남동,19
금성면,19
완산동,19
강화읍,19
석문면,19
광림동,19
서포면,19
옥동,19
가남읍,19
한경면,19
보성읍,19
내덕1동,19
도고면,18
후포면,18
매교동,18
부곡동,18
고등동,18
옥천면,18
웅천읍,18
쌍용1동,18
연곡면,18
옥계면,18
왜관읍,18
용두동,18
울진읍,18
웅진동,18
원종1동,18
수진2동,18
의령읍,18
일광읍,18
장흥읍,18
청산면,18
고흥읍,18
진부면,18
창선면,18
신포동,18
안강읍,18
북문동,18
성건동,18
서구동,18
산호동,18
군북면,17
망우본동,17
용당1동,17
무풍면,17
성내.충인동,17
팔탄면,17
대현동,17
흑산면,17
호미곶면,17
교1동,17
장기면,17
외동읍,17
광천읍,17
횡성읍,17
둔산1동,17
광복동,17
흥해읍,17
동해면,17
대부동,17
화양읍남성현출장소,17
북평동,17
진북동,17
용담2동,17
부평4동,17
송라면,17
영통3동,17
수민동,17
여천동,17
성내1동,17
백운2동,17
연산면,17
영주1동,17
신갈동,17
덕천제2동,17
복대2동,17
오라동,17
합포동,17
노송동,17
문화동,17
대연제1동,17
옥포2동,17
안성2동,17
진산면,16
진도읍,16
두산동,16
청량리동,16
효자5동,16
신호동,16
청송읍,16
청양읍,16
평거동,16
하동읍,16
정자1동,16
점촌2동,16
양평제1동,16
망상동,16
영동읍,16
이서면,16
서제3동,16
부발읍,16
명지1동,16
포천동,16
미아동,16
수성동,16
송도2동,16
강상면,16
남해읍,16
광혜원면,16
돌산읍죽포출장소,16
광천동,16
광영동,16
동량면,16
수동면,15
덕계동,15
평화동,15
서정동,15
광안제3동,15
화양면,15
장전제2동,15
토지면,15
천북면,15
온정면,15
신북면,15
양덕1동,15
진서면,15
벌교읍,15
통진읍,15
거진읍,15
동선동,15
양지면,15
전농제1동,15
기린면,15
장항읍,15
장평동,15
서현1동,15
일산2동,15
송천동,15
송중동,15
갈말읍,15
용담1동,15
금정동,15
불당1동,14
경안동,14
서제2동,14
서초3동,14
봉평동,14
장성읍,14
구운동,14
대화동,14
용문동,14
풍기읍,14
북평면,14
죽산면,14
용현2동,14
영주2동,14
영천동,14
물금읍,14
용지동,14
문막읍,14
안중읍,14
원곡면,14
신평면,14
상계6.7동,14
곤지암읍,14
대천2동,14
오학동,14
남양읍,14
음성읍,14
대신동,14
논현2동,14
가야읍,14
송월동,14
대항면,14
첨단2동,14
봉동읍,14
의성읍,14
내가면,14
온산읍,14
시흥제1동,14
진접읍,14
가야면,14
금산읍,14
상서면,13
신안면,13
정선읍,13
백운동,13
방어동,13
상주면,13
정왕3동,13
송지면,13
왕조1동,13
복현1동,13
삼남읍,13
화정1동,13
경암동,13
삼성2동,13
양동,13
오류제1동,13
별내면,13
인덕원동,13
삼호읍서부출장소,13
문곡소도동,13
내이동,13
효성2동,13
시천면,13
우제2동,13
마장면,13
작전서운동,13
수유1동,13
본오3동,13
능포동,13
안심2동,13
발한동,13
내촌면,13
성당동,13
남이면,13
서면와수출장소,13
빛가람동,13
구로제3동,13
죽교동,13
우정읍,12
우도면,12
주왕산면,12
영종1동,12
영암읍,12
장충동,12
삼덕동,12
풍덕천1동,12
영해면,12
화도읍동부출장소,12
관고동,12
광정동,12
한강로동,12
왕조2동,12
남현동,12
포곡읍,12
화정동,12
구산면,12
도화1동,12
단구동,12
단성면,12
규암면,12
점촌1동,12
마산면,12
봉명동,12
서부면,12
창녕읍,12
금산면,12
신설동,12
퇴촌면,12
중학동,12
구래동,12
광명2동,12
중방동,12
합천읍,12
소초면,12
광명3동,12
건국동,12
독산제1동,12
금남면,11
부강면,11
금구면,11
봉양읍,11
영주제1동,11
전하1동,11
근남면,11
대양면,11
호수동,11
정왕2동,11
호계3동,11
점촌5동,11
행구동,11
전포제1동,11
봉명2.송정동,11
정관읍,11
복수면,11
와룡면,11
청천면,11
삼안동,11
가산면,11
송산면,11
대곶면,11
논공읍공단출장소,11
청통면,11
구월3동,11
상장동,11
내수읍,11
황금2동,11
효자1동,11
아포읍,11
성주읍,11
선도동,11
다대제1동,11
구서제1동,11
공도읍,11
성사1동,11
언양읍,11
교월동,11
연수동,11
국동,11
동서동,11
시전동,11
장호원읍,11
죽항동,11
삼랑진읍,11
남부면,11
남부동,11
신길제1동,11
동충동,11
화명제3동,11
엄사면,11
송림2동,10
봉덕3동,10
농성2동,10
청운면,10
고양동,10
세류2동,10
신장1동,10
성산면,10
노원동,10
청천2동,10
동삼제2동,10
서남동,10
남포면,10
남지읍,10
사직1동,10
사창동,10
대병면,10
여의동,10
산양읍,10
산인면,10
풍산읍,10
상관면,10
감곡면,10
거북섬동,10
팽성읍,10
상무1동,10
조운동,10
부림동,10
해룡면,10
생연2동,10
안양4동,10
대소원면,10
안양2동,10
서창동,10
아라동,10
상3동,10
노량진제1동,10
우이동,10
장량동,10
우천면,10
화곡제6동,10
휘경제1동,10
덕산읍,10
현풍읍,10
두암2동,10
괴산읍,10
동촌동,10
이호동,10
이태원제1동,10
군포1동,10
응봉면,10
배방읍,10
이동,10
장안제2동,10
둔포면,10
화순읍,10
화양읍,10
문내면,10
원곡동,10
무안읍,10
문의면,10
향교동,10
장유1동,9
강서제1동,9
남평읍,9
단대동,9
도통동,9
양성면,9
용평면,9
충무공동,9
칠성동,9
추자면,9
도두동,9
구로제5동,9
군자동,9
효문동,9
용상동,9
비산5동,9
비전2동,9
탄현1동,9
웅동1동,9
산외면,9
대가야읍,9
산본1동,9
상하면,9
삼락동,9
연산제9동,9
연서면,9
문수동,9
원동면,9
전하2동,9
하양읍,9
대림제2동,9
무실동,9
삼성동,9
양평제2동,9
검산동,9
석관동,9
양덕2동,9
적성면,9
중림동,9
신사동,9
청파동,9
해미면,9
법성면,9
임자면,9
고산면,9
일죽면,9
괴정제3동,9
가곡동,9
신길제3동,9
내외동,9
철산3동,9
봉담읍,9
고덕동,9
임피면,9
범일제1동,9
구례읍,9
와촌면,9
내서읍,9
본리동,9
순창읍,9
교방동,9
용봉동,9
월호동,8
정남면,8
봉명1동,8
장안제1동,8
서농동,8
서부1동,8
삼성1동,8
법원읍,8
노암동,8
신길제5동,8
하망동,8
우정동,8
수정제2동,8
소사본동,8
남중동,8
양정제1동,8
양주2동,8
산성동,8
금마면,8
병점1동,8
상교동,8
삼문동,8
삼례읍,8
원덕읍임원출장소,8
동부동,8
평산동,8
고덕면,8
공단동,8
태평2동,8
팔봉면,8
산청읍,8
가창면,8
여서동,8
모현동,8
운정3동,8
판부면,8
천호제3동,8
괴정제1동,8
맹동면,8
신정4동,8
덕적면,8
종암동,8
불현동,8
감천제1동,8
부북면,8
음암면,8
진안읍,8
진보면,8
서천읍,8
백암면,8
축동면,8
북항동,8
신천동,8
만덕제2동,8
내손1동,8
북도면,8
심곡본동,8
칠성면,8
장기동,8
서초2동,8
오류동,8
부계면,8
오산면,8
답십리제1동,8
혜화동,8
군내면,8
오류왕길동,8
능곡동,7
진전면,7
흥업면,7
원덕읍,7
고전면,7
내당4동,7
양서면,7
성수2가제1동,7
추부면,7
소요동,7
삽교읍,7
신서면,7
응암제3동,7
노화읍,7
마천면,7
상동면,7
춘양면,7
원산출장소,7
송북동,7
두류1.2동,7
유달동,7
고경면,7
서부2동,7
진교면,7
월평1동,7
송도동,7
명정동,7
선구동,7
생일면,7
선남면,7
지곡면,7
심곡본1동,7
파평면,7
독산제4동,7
독산제3동,7
성거읍,7
앙성면,7
다산동,7
도산면,7
약목면,7
중화제2동,7
곤명면,7
보수동,7
소안면,7
연무동,7
합정동,7
갈현제1동,7
개금제1동,7
남가좌제1동,7
부성1동,7
부석면,7
기흥동,7
하안1동,7
운문면,7
장항2동,7
정촌면,7
용면,7
벌곡면,7
점촌3동,7
오송읍,7
함평읍,7
옥포읍,7
대산면,7
관양동,7
영등포본동,7
주교면,7
김포본동,7
북하면,7
국토정중앙면,7
용호제1동,7
금호1동,7
군서면,7
덕포제1동,7
한림면,7
군위읍,7
대신면,7
금호읍,7
봉현면,7
대천4동,7
홍제제3동,7
중곡제1동,7
현덕면,7
웅천동,7
외도동,7
봉래제1동,7
대명10동,7
금곡동,7
문현제2동,7
엄궁동,7
운주면,7
와부읍,7
대치4동,7
마서면,6
숭의1.3동,6
복흥면,6
초평면,6
수색동,6
의신면,6
방산면,6
금호2.3가동,6
숭의2동,6
보길면,6
금광면,6
교문1동,6
갈산1동,6
괴정동,6
일동,6
청담동,6
주덕읍,6
성남면,6
불광제2동,6
수한면,6
진미동,6
홍제동,6
가양제1동,6
삼향읍,6
선산읍,6
내면,6
임계면,6
성환읍,6
별량면,6
금서면,6
봉화읍,6
인월면,6
녹산동,6
농성1동,6
조리읍,6
옥도면,6
흑산면홍도출장소,6
신당제5동,6
청풍면,6
광명4동,6
고산2동,6
온양5동,6
신북읍,6
흥덕면,6
소천면,6
해제면,6
온양읍,6
부안면,6
대천3동,6
백수읍,6
금천면,6
간성읍,6
백석2동,6
이동읍,6
봉양면,6
동인동,6
합덕읍,6
마량면,6
평해읍,6
영양읍,6
안성1동,6
풍암동,6
반곡관설동,6
유구읍,6
사이동,6
상모사곡동,6
당산제2동,6
화정2동,6
대사동,6
안락제1동,6
안계면,6
상리면,6
면목제2동,6
구월1동,6
당감제2동,6
덕풍1동,6
장성동,6
월성동,6
황지동,6
회천2동,6
도계읍,6
월곶면,6
화도읍남부출장소,6
서강동,6
파장동,6
생비량면,6
대명5동,6
압량읍,6
남부민제1동,6
운암면,6
안좌면,6
곤양면,6
문화1동,6
면목본동,6
간석1동,6
공항동,6
양정제2동,6
평창읍,6
양촌읍,6
무주읍,6
주안2동,6
김삿갓면,6
칠원읍,6
문백면,6
도초면,6
대림제1동,6
사곡면,6
문현제3동,6
지좌동,6
서화면,6
모라제1동,6
화북면,6
태장1동,6
염치읍,6
구이면,6
곡성읍,6
태전2동,6
대명3동,6
광탄면,6
중곡제2동,5
수택2동,5
중1동,5
양주동,5
금동,5
인수동,5
원인동,5
양산면,5
용남면,5
신길제7동,5
야음장생포동,5
여량면,5
정라동,5
인주면,5
인후1동,5
시기동,5
온천2동,5
신길제6동,5
관음동,5
원효로제1동,5
증포동,5
율곡동,5
영춘면,5
이곡2동,5
자은면,5
아산면,5
용현3동,5
낭성면,5
주암면,5
광의면,5
율촌면,5
고촌읍,5
남천제1동,5
적상면,5
진동면,5
은현면,5
은진면,5
영산동,5
내당1동,5
전포제2동,5
관산동,5
이월면,5
역곡1동,5
역곡3동,5
안의면,5
역북동,5
신대방제1동,5
창제4동,5
장수읍,5
신사우동,5
연풍면,5
지보면,5
장림제2동,5
죽곡면,5
오성면,5
지저동,5
낙동면,5
오남읍,5
신림면,5
연천읍,5
봉산면,5
농암면,5
서석면,5
호평동,5
방화제2동,5
대명4동,5
효목2동,5
불은면,5
서부동,5
계룡면,5
축산면,5
통복동,5
학장동,5
퇴계원읍,5
덕암동,5
계산4동,5
북도면장봉출장소,5
계성면,5
효돈동,5
도암면,5
소하2동,5
발산제1동,5
개군면,5
사북면,5
칠서면,5
반월동,5
선부1동,5
산격2동,5
산격4동,5
선원면,5
산북면,5
하이면,5
산내동,5
사당제2동,5
다산1동,5
성내3동,5
서원동,5
도화동,5
미사1동,5
북삼동,5
삼양동,5
동문1동,5
농소1동,5
대화면,5
송학동,5
송학면,5
삼향읍남악출장소,5
화수1.화평동,5
청룡노포동,5
대합면,5
녹번동,5
수륜면,5
상갈동,5
흥천면,5
본오2동,5
상남면,5
봉래면,5
화원면,5
현내면,5
병천면,5
병암동,5
대연제5동,5
감삼동,5
팔덕면,5
화현면,5
두촌면,5
가야곡면,5
후평1동,5
중동,4
상계5동,4
삼성면,4
광장동,4
어진동,4
반송제2동,4
미성동,4
대덕면,4
중곡제3동,4
미산면,4
하남면,4
구의제2동,4
강천면,4
화도읍,4
공릉1동,4
하남동,4
삼계면,4
개운동,4
역곡2동,4
산솔면,4
삼일동,4
각남면,4
화서면,4
구정면,4
삼죽면,4
풍천면,4
미원면,4
덕풍3동,4
살미면,4
미로면,4
관문동,4
하일면,4
간석3동,4
호명읍,4
벌용동,4
범계동,4
범어3동,4
관촌면,4
오곡면,4
한산면,4
외산면,4
병영1동,4
오수면,4
왕징면,4
부창동,4
오천면어항출장소,4
오치2동,4
부암제1동,4
와동,4
행운동,4
조성면,4
조도면,4
본동,4
정자2동,4
온양6동,4
금사회동동,4
금일읍,4
영중면,4
관인면,4
사직동,4
백사면,4
군남면,4
하성면,4
덕포제2동,4
용흥동,4
사동,4
연평면,4
나운1동,4
염창동,4
사당제1동,4
전동면,4
원남면,4
관산읍,4
비인면,4
주안5동,4
전의면,4
호저면,4
영산면,4
비봉면,4
비금면,4
학산면,4
영오면,4
호원1동,4
기성면,4
문래동,4
도마1동,4
후평3동,4
단밀면,4
만덕제1동,4
초평동,4
면목제3.8동,4
둔덕동,4
면목제5동,4
창신제2동,4
검단동,4
태장2동,4
초전면,4
태평1동,4
청북읍,4
위천면,4
두류3동,4
회기동,4
월피동,4
석수2동,4
석촌동,4
초월읍,4
진량읍,4
진안동,4
가양1동,4
성내동,4
마도면,4
회천면,4
청학동,4
은산면,4
입암면,4
진월면,4
선부3동,4
남촌동,4
심곡1동,4
고삼면,4
율량.사천동,4
송내동,4
도화면,4
두동면,4
세마동,4
모가면,4
압구정동,4
마암면,4
자양제4동,4
숭의4동,4
압해읍,4
동서학동,4
신성동,4
청도읍,4
마리면,4
상무2동,4
야탑1동,4
거제면,4
수영동,4
도봉제1동,4
신암3동,4
증도면,4
작전2동,4
황간면,4
신월5동,4
건천읍,4
월산동,4
안성3동,4
안심1동,4
서상면,4
월롱면,4
장안읍,4
송현1.2동,4
가락본동,4
황산면,4
명지2동,4
괴정제4동,4
파주읍,4
가양2동,4
마두2동,3
입장면,3
마동,3
범어1동,3
용당동,3
번암면,3
봉선1동,3
이문제2동,3
보광동,3
대치면,3
동상동,3
정산면,3
교동면,3
동일면,3
흑석동,3
온천제2동,3
동탄6동,3
동호동,3
왕십리제2동,3
덕산동,3
광안제4동,3
임동,3
임실읍,3
임회면,3
이창동,3
둔촌제2동,3
욕지면,3
벽진면,3
현서면,3
마북동,3
홍북읍,3
호계면,3
반구1동,3
우제3동,3
월평2동,3
도천동,3
화남면,3
황연동,3
장안면,3
명장제1동,3
미수동,3
운수면,3
월곡제1동,3
환여동,3
운천.신봉동,3
구지면,3
모현읍,3
원성2동,3
도봉제2동,3
목행.용탄동,3
구의제3동,3
웅촌면,3
구의제1동,3
무릉도원면,3
미평동,3
유가읍,3
마성면,3
간동면,3
백석1동,3
용산면,3
마장동,3
잠실6동,3
홍농읍,3
군외면,3
잠원동,3
방학제1동,3
만촌1동,3
원대동,3
방배본동,3
장계면,3
망포1동,3
방림1동,3
율천동,3
회진면,3
우강면,3
회원2동,3
매포읍,3
매화면,3
회원1동,3
노량진제2동,3
한반도면,3
공덕동,3
대명9동,3
양정동,3
진천동,3
개포면,3
삼전동,3
포남2동,3
공성면,3
남부민제2동,3
삼선동,3
어모면,3
내북면,3
개봉제2동,3
여좌동,3
풍호동,3
줄포면,3
상1동,3
죽전동,3
연동면,3
낙성대동,3
초계면,3
연수2동,3
탄방동,3
낙동면동부출장소,3
청학제1동,3
하의면,3
고성동,3
염리동,3
신동읍,3
손불면,3
삼화동,3
성주면,3
영강동,3
상인2동,3
아현동,3
쌍문제3동,3
서원면,3
안기동,3
진례면,3
남일면,3
안성면,3
당진2동,3
안양5동,3
생림면,3
안양면,3
생극면,3
상중이동,3
고제면,3
내당2.3동,3
암사제1동,3
대강면,3
대곡면,3
성내제3동,3
야로면,3
거여1동,3
성수1가제1동,3
신천3동,3
추풍령면,3
중제2동,3
평리3동,3
해보면,3
성수2가제3동,3
송도1동,3
청학제2동,3
사남면,3
관평동,3
청암면,3
청안면,3
함창읍,3
대연제6동,3
대월면,3
오정동,3
부적면,3
대지면,3
조원동,3
부사동,3
신기면,3
옥구읍,3
신가동,3
부림면,3
옥룡동,3
부남면,3
내일동,3
해룡면신대출장소,3
수산면,3
정왕4동,3
수석동,3
옥정1동,3
대청동,3
대청면,3
청덕면,3
북가좌제2동,3
지평면,3
갑천면,3
대야동,3
주례제1동,3
영종동,3
학교면,3
비산4동,3
길음제1동,3
북이면,3
비산6동,3
하청면,3
강내면,3
한남동,3
북후면,3
불광제1동,3
수정제1동,3
논공읍,3
금호2동,3
종천면,3
신녕면,3
송도4동,3
주안4동,3
가곡면,2
장림제1동,2
진봉면,2
경천면,2
창평면,2
청도읍유호출장소,2
회천1동,2
충현동,2
진건읍,2
검암경서동,2
칠량면,2
고아읍,2
가덕면,2
고척제1동,2
진북면,2
임오동,2
창수면,2
청소면,2
계남면,2
청림동,2
고북면,2
후암동,2
자양제3동,2
효령면,2
천연동,2
계림동,2
일로읍,2
축산면축산출장소,2
고대면,2
초동면,2
철원읍,2
자월면이작출장소,2
청량읍,2
청라면,2
진잠동,2
해신동,2
탄벌동,2
주월1동,2
광남1동,2
간전면,2
한반도면쌍용출장소,2
형곡1동,2
점동면,2
하점면,2
홍산면,2
태전1동,2
간석4동,2
홍은제1동,2
홍은제2동,2
주촌면,2
주포면,2
홍제제1동,2
현동면,2
감천면,2
현도면,2
정동면,2
갈산면,2
정릉제1동,2
정릉제2동,2
향촌동,2
갈매동,2
행주동,2
조안면,2
행안면,2
행신2동,2
해평면,2
해리면,2
해안면,2
정안면,2
하빈면,2
하남읍,2
죽장면,2
평동,2
회덕동,2
장목면외포출장소,2
장산면,2
태평3동,2
지원1동,2
가은읍,2
태평4동,2
지수면,2
황성동,2
지도읍,2
장연면,2
장위제1동,2
판문동,2
중흥동,2
장유3동,2
각북면,2
평리1동,2
화원읍,2
중앙탑면,2
가회면,2
화암면,2
중산2동,2
평창동,2
거류면,2
화서1동,2
가흥1동,2
개포4동,2
중곡제4동,2
풍각면,2
풍양면,2
일반성면,2
,2
남산2동,2
남목1동,2
영등1동,2
산격1동,2
백산면,2
나성동,2
염포동,2
염산면,2
연초면,2
송림6동,2
백아면,2
대방동,2
백학면,2
범서읍,2
성수1가제2동,2
송천1동,2
엄다면,2
어룡동,2
별내동,2
남사읍,2
대흥면,2
병점2동,2
보개면,2
양지동,2
보라동,2
양도면,2
방화제1동,2
산곡4동,2
길음제2동,2
방배4동,2
성연면,2
성전면,2
능주면,2
물야면,2
옥산면,2
삼가동,2
미양면,2
옥곡면,2
신도림동,2
반구2동,2
오천면,2
세종대왕면,2
반송제1동,2
산척면,2
오근장동,2
오가면,2
반여제3동,2
반월중앙동,2
기산면,2
소양면,2
영인면,2
반포4동,2
산수1동,2
송탄동,2
보문동,2
양감면,2
대저2동,2
대의면,2
부주동,2
신풍동,2
대원동,2
신평제1동,2
부평3동,2
대원2동,2
신평1동,2
부평6동,2
신태인읍,2
신천1.2동,2
신창면,2
부항면,2
불당2동,2
신인동,2
신의면,2
신월2동,2
신곡2동,2
신광면,2
신길제4동,2
북삼읍,2
신니면,2
신둔면,2
남천제2동,2
부암동,2
약수동,2
비래동,2
송하동,2
송해면,2
본오1동,2
송현2동,2
수곡1동,2
봉개동,2
안흥면,2
노은면,2
수유2동,2
봉성면,2
대치2동,2
부개1동,2
안산동,2
남제동,2
남종면,2
악양면,2
아주동,2
아미동,2
순흥면,2
남천면,2
비산2.3동,2
쌍문제2동,2
숭인제1동,2
삼기면,2
미탄면,2
옥종면,2
도천면,2
구서제2동,2
서하면,2
서홍동,2
서후면,2
유천2동,2
유림1동,2
석곡면,2
위례동,2
매곡동,2
월항면,2
석남2동,2
월산면,2
석남동,2
삼학동,2
월산4동,2
매송면,2
월곡제2동,2
월계3동,2
면목제4동,2
대동면,2
도덕면,2
면목제7동,2
원효로제2동,2
면천면,2
원성1동,2
원삼면,2
응암제1동,2
만수3동,2
답십리제2동,2
상2동,2
상사면,2
동산동,2
교하동,2
상촌면,2
동백2동,2
상대원3동,2
대가면,2
상대원1동,2
이화동,2
동홍동,2
이촌제2동,2
대덕읍,2
이문제1동,2
서빙고동,2
둔덕면,2
상계3.4동,2
구림면,2
이곡1동,2
서신동,2
의흥면,2
의창동,2
당리동,2
당감제1동,2
마천1동,2
서초1동,2
석보면,2
신덕면,2
용답동,2
다산면,2
도림동,2
도안면,2
묵제2동,2
군동면,2
무안면,2
금남동,2
왕궁면,2
용호제4동,2
다산2동,2
다압면,2
다도면,2
모서면,2
용현면,2
묵제1동,2
무태조야동,2
선장면,2
운남면,2
운봉읍,2
운산면,2
금수강산면,2
귀래면,2
성산제1동,2
웅남동,2
대명1동,2
용방면,2
성동면,2
온양4동,2
선부2동,2
용산동,2
삼송2동,2
용궁면,2
용강동,2
모충동,2
상계1동,1
삼향동,1
평리5동,1
풍세면,1
불로.봉무동,1
삼국유사면,1
평내동,1
개봉제1동,1
학운동,1
상도제1동,1
불갑면,1
상도제3동,1
북천면,1
상대원2동,1
풍향동,1
산이면,1
비전1동,1
사벌면,1
대봉2동,1
강서제2동,1
사직2동,1
사직제2동,1
사벌국면,1
삼평동,1
하대동,1
삼장면,1
사량면,1
사당제4동,1
개천면,1
산양면,1
하단제1동,1
산격3동,1
하장면,1
비산동,1
평촌동,1
대성동,1
산동읍,1
개령면,1
삼호동,1
삼랑진임천출장소,1
대명11동,1
사리면,1
교남동,1
북안면,1
가좌3동,1
회성동,1
도척면,1
명석면,1
황전면,1
가장동,1
명일제1동,1
명일제2동,1
명장제2동,1
황룡면,1
황남동,1
명호면,1
목1동,1
북아현동,1
가천면,1
목감동,1
목면,1
묘산면,1
도마2동,1
가포동,1
문광면,1
도당동,1
문정1동,1
화산면,1
문정2동,1
회인면,1
매곡면,1
회천3동,1
망원제1동,1
동산면,1
동성동,1
흥선동,1
동읍,1
가능동,1
동춘1동,1
동춘2동,1
휴천면,1
동탄3동,1
동화동,1
두암3동,1
두원면,1
독산제2동,1
득량면,1
등촌제1동,1
등촌제3동,1
마로면,1
만수1동,1
만수2동,1
효동,1
만수5동,1
만촌2동,1
도화2.3동,1
도곡1동,1
화북동,1
문현제4동,1
향동,1
보산동,1
대호지면,1
복산동,1
행신3동,1
행당제1동,1
봉강면,1
봉덕1동,1
봉덕2동,1
봉래제2동,1
해안동,1
부곡제1동,1
부곡제3동,1
부론면,1
부민동,1
갈현동,1
함열읍,1
한천면,1
한수면,1
대연제4동,1
북내면,1
대야면,1
북산면,1
북성동,1
보문면,1
대구면,1
미암면,1
현경면,1
덕풍2동,1
화곡제4동,1
반여제1동,1
반여제2동,1
홍제제2동,1
반포1동,1
방림면,1
방림면계촌출장소,1
방배1동,1
방촌동,1
방학제2동,1
백곡면,1
덕천제1동,1
호암.직동,1
덕진면,1
백운면,1
호계1동,1
백현동,1
범어4동,1
범천제2동,1
법전면,1
변동,1
현동,1
상도제4동,1
소이면,1
거제제2동,1
남목3동,1
오포읍,1
금천동,1
금지면,1
금정면,1
옥룡면,1
광명5동,1
제원면,1
광명6동,1
옥서면,1
옥성면,1
광석면,1
옥암동,1
옥정2동,1
광시면,1
금사면,1
옹동면,1
정릉제4동,1
왕정동,1
금광2동,1
금과면,1
용담.명암.산성동,1
점촌4동,1
궁류면,1
용암2동,1
용운동,1
금촌3동,1
금학동,1
광교2동,1
영남면,1
남목2동,1
연기면,1
과역면,1
낙월면,1
연산제1동,1
낙안면,1
연성동,1
연일읍,1
주엽2동,1
주엽1동,1
영귀미면,1
영등2동,1
금호4가동,1
주안3동,1
길안면,1
주상면,1
영선제2동,1
주례제3동,1
주례제2동,1
영운동,1
기성동,1
좌천동,1
좌제1동,1
기계면,1
용이동,1
용주면,1
용현1.4동,1
이천동,1
잠실3동,1
구미동,1
구문소동,1
작전1동,1
자인면,1
자월면,1
자양제2동,1
자양제1동,1
자양동,1
이로동,1
이산면,1
이태원제2동,1
응암제2동,1
구갈동,1
임동면,1
인계면,1
임고면,1
교현2동,1
일직면,1
일직동,1
인제읍귀둔출장소,1
인지면,1
인창동,1
일산1동,1
구산동,1
장군면,1
용호제3동,1
원미2동,1
적중면,1
적량면,1
우장산동,1
광적면,1
구항면,1
장항1동,1
장평면,1
구평동,1
웅치면,1
원당동,1
장전제1동,1
장위제2동,1
율목동,1
월계1동,1
장암면,1
장암동,1
구암동,1
광평동,1
월산5동,1
구암2동,1
위도면,1
장마면,1
구성면,1
율곡면,1
역촌동,1
엄정면,1
상암동,1
중2동,1
소보면,1
농소동,1
농소3동,1
일봉동,1
소태면,1
소하1동,1
농소2동,1
계양2동,1
송광면,1
송림1동,1
송산1동,1
송악면,1
송정1동,1
청천1동,1
청전동,1
송죽동,1
고군면,1
송촌동,1
고금면,1
고달면,1
송포동,1
송현1동,1
수내1동,1
수신면,1
순성면,1
농소면,1
세교동,1
계곡면,1
달산면,1
상월면,1
상패동,1
생초면,1
당진3동,1
서대신제3동,1
서도면,1
서면태하출장소,1
서삼면,1
서서학동,1
서초4동,1
탕정면,1
석성면,1
능동,1
석수1동,1
석포면,1
칠북면,1
칠금.금릉동,1
칠곡면,1
다인면,1
성내면,1
춘포면,1
성내제2동,1
성수면,1
경화동,1
청계동,1
고부면,1
시흥동,1
약사명동,1
지산1동,1
안심3동,1
지례면,1
지동,1
안심4동,1
남원동,1
안정면,1
증도면병풍출장소,1
암태면,1
남양면,1
약대동,1
공근면,1
지천면,1
약산면,1
남선면,1
양금동,1
남상면,1
중부동,1
남산4동,1
양재1동,1
중동면,1
양촌면,1
남산1동,1
양화면,1
지산2동,1
직산읍,1
철암동,1
신월1동,1
신길동,1
신내1동,1
신대방제2동,1
창제5동,1
신방동,1
신암1동,1
신암5동,1
신암면,1
고암면,1
신원면,1
차황면,1
내덕2동,1
쌍림면,1
진위면,1
내곡동,1
진성면,1
신평2동,1
남후면,1
고척제2동,1
신풍면,1
신현원창동,1
심원면,1
십정1동,1
쌍령동,1
동삼제1동,1
